{"schemaVersion":"1.0","appDefinitionTemplate":{"id":"/providers/Microsoft.PowerApps/apps/","type":"Microsoft.PowerApps/apps","tags":{"primaryDeviceWidth":"2000","primaryDeviceHeight":"900","supportsPortrait":"true","supportsLandscape":"true","primaryFormFactor":"Tablet","publisherVersion":"3.24031.25","minimumRequiredApiVersion":"2.2.0","hasComponent":"false","hasUnlockedComponent":"false","isUnifiedRootApp":"false","sienaVersion":"20240315T064054Z-3.24031.25.0","showStatusBar":"false","offlineLargeFilesSupport":"false"},"properties":{"appVersion":"2024-03-15T06:40:54Z","lifeCycleId":"Published","createdByClientVersion":{"major":3,"minor":24031,"build":25,"revision":0,"majorRevision":0,"minorRevision":0},"minClientVersion":{"major":3,"minor":24031,"build":25,"revision":0,"majorRevision":0,"minorRevision":0},"backgroundColor":"RGBA(0,176,240,1)","backgroundImageUri":"/7672356955105352779/Nff1e972e-974c-45ab-943a-09a23ed6b2f8-logoSmallFile","displayName":"Treasury Fund Request","description":"","commitMessage":"","appUris":{"documentUri":{"value":"/7672356955105352779/N8b960331-daf2-453b-8e96-a2d942d6f987-document.msapp"},"imageUris":[],"additionalUris":[{"isSolutionAware":false,"value":"/7672356955105352779/Nea660b1f-8ef1-4894-a6a7-9f8135fa2ec6-identity.json"}]},"createdTime":"0001-01-01T00:00:00Z","lastModifiedTime":"0001-01-01T00:00:00Z","sharedGroupsCount":0,"sharedUsersCount":0,"connectionReferences":{"59e99535-5bcc-4cdd-909a-2d4985f2f6f2":{"id":"28f52de1-ce8e-44f6-966c-a38209252372","displayName":"Office 365 Users","iconUri":"https://connectoricons-prod.azureedge.net/releases/v1.0.1672/1.0.1672.3545/office365users/icon.png","dataSources":["Office365Users"],"dependencies":[],"dependents":[],"parameterHints":{},"parameterHintsV2":{},"isOnPremiseConnection":false,"bypassConsent":false,"dataSets":{},"apiTier":"Standard","isCustomApiConnection":false},"347e56c5-833d-4d51-bd41-5622474bfca6":{"id":"c553d271-e8c7-4902-9796-7d6e90842c24","displayName":"Office 365 Outlook","iconUri":"https://connectoricons-prod.azureedge.net/releases/v1.0.1676/1.0.1676.3617/office365/icon.png","dataSources":["Office365Outlook"],"dependencies":[],"dependents":[],"parameterHints":{},"parameterHintsV2":{},"isOnPremiseConnection":false,"bypassConsent":false,"dataSets":{},"apiTier":"Standard","isCustomApiConnection":false},"f4c4c056-4fb4-43e6-ac21-564767da8dd1":{"id":"cb9fb2ec-d07d-4a0b-9279-96867eec672d","displayName":"SharePoint","iconUri":"https://connectoricons-prod.azureedge.net/u/alexsp/sporelease/1.0.1682.3673/sharepointonline/icon.png","dataSources":["Manage Admins","Manage Approver","Manage Legal Entities","Payment Detail List","Other Payments Method","Requester and payment Information","Internal Region Payment","Debiting Pool Master","Currency master","Banks for treasury fund"],"dependencies":[],"dependents":[],"parameterHints":{},"parameterHintsV2":{},"isOnPremiseConnection":false,"bypassConsent":false,"dataSets":{"https://internationalsosms.sharepoint.com/sites/treasury-prod":{"dataSources":{"Manage Admins":{"tableName":"680ac3e8-c550-48bf-8e70-09e7208ffca0"},"Manage Approver":{"tableName":"c2e015ab-7713-4d21-9269-b3350fa73a48"},"Manage Legal Entities":{"tableName":"1bb4598f-3986-4faf-b0fb-7a5186295ac0"},"Payment Detail List":{"tableName":"903ec718-2ef8-451f-b356-b600b7577a8e"},"Other Payments Method":{"tableName":"9ea5e5d7-49f4-4ba9-8bd9-b664261319a7"},"Requester and payment Information":{"tableName":"c36a6152-3a2d-43fa-93a9-f0e233510549"},"Internal Region Payment":{"tableName":"9545f034-4a2b-4f05-a809-bef83adf219a"},"Debiting Pool Master":{"tableName":"11e5134b-4136-40f3-800a-a5f1cb834298"},"Currency master":{"tableName":"2320c1b7-c4af-46db-a26a-048127b27670"},"Banks for treasury fund":{"tableName":"c3af5379-a0e0-4901-bccd-20158bcd0074"}}}},"apiTier":"Standard","isCustomApiConnection":false,"actions":["providers/PowerPlatform.Governance/Operations/Read","providers/PowerPlatform.Governance/Operations/Write"]},"f60a917a-f030-4f58-ac32-8ba3723f738d":{"id":"bd10834b-7a1d-484f-8d2f-e1728c5217cd","displayName":"Office 365 Groups","iconUri":"https://connectoricons-prod.azureedge.net/releases/v1.0.1681/1.0.1681.3662/office365groups/icon.png","dataSources":["Office365Groups"],"dependencies":[],"dependents":[],"parameterHints":{},"parameterHintsV2":{},"isOnPremiseConnection":false,"bypassConsent":false,"dataSets":{},"apiTier":"Standard","isCustomApiConnection":false,"actions":["ListGroupMembers"]},"76bcce32-b818-425f-aac3-3d5a65235f2e":{"id":"cb9fb2ec-d07d-4a0b-9279-96867eec672d","displayName":"SharePoint","iconUri":"https://connectoricons-prod.azureedge.net/u/alexsp/sporelease/1.0.1682.3673/sharepointonline/icon.png","dataSources":["Requester and payment Information Logging"],"dependencies":[],"dependents":[],"parameterHints":{},"parameterHintsV2":{},"isOnPremiseConnection":false,"bypassConsent":false,"dataSets":{"https://internationalsosms.sharepoint.com/sites/treasury-prod":{"dataSources":{"Requester and payment Information Logging":{"tableName":"8434cac5-700c-4ec4-b23d-578efc5c523f"}}}},"apiTier":"Standard","isCustomApiConnection":false,"actions":["providers/PowerPlatform.Governance/Operations/Read","providers/PowerPlatform.Governance/Operations/Write"]}},"databaseReferences":{},"almMode":"Solution","performanceOptimizationEnabled":true,"canConsumeAppPass":true,"enableModernRuntimeMode":false,"executionRestrictions":{"isTeamsOnly":false,"dataLossPreventionEvaluationResult":{"status":"Compliant","lastEvaluationDate":"2023-06-23T09:03:44.73708Z","violations":[],"violationsByPolicy":[],"violationErrorMessage":"The app uses the following connectors: shared_sharepointonline."}}},"appType":"ClassicCanvasApp","appComponents":[]}}