{"schemaVersion":"1.0","appDefinitionTemplate":{"id":"/providers/Microsoft.PowerApps/apps/","type":"Microsoft.PowerApps/apps","tags":{"primaryDeviceWidth":"2000","primaryDeviceHeight":"900","supportsPortrait":"true","supportsLandscape":"true","primaryFormFactor":"Tablet","publisherVersion":"3.24051.23","minimumRequiredApiVersion":"2.2.0","hasComponent":"true","hasUnlockedComponent":"true","isUnifiedRootApp":"false","sienaVersion":"20240516T042628Z-3.24051.23.0","showStatusBar":"false","offlineLargeFilesSupport":"false"},"properties":{"appVersion":"2024-05-16T04:26:28Z","lifeCycleId":"Published","createdByClientVersion":{"major":3,"minor":24051,"build":23,"revision":0,"majorRevision":0,"minorRevision":0},"minClientVersion":{"major":3,"minor":24051,"build":23,"revision":0,"majorRevision":0,"minorRevision":0},"backgroundColor":"RGBA(0,176,240,1)","backgroundImageUri":"/2844097884522441444/N9339c0ca-22fc-4852-bb27-71d4cbd7a11b-logoSmallFile","displayName":"BARF","description":"","commitMessage":"","appUris":{"documentUri":{"value":"/2844097884522441444/Nbffe3c51-6861-4682-9c37-460e1056572f-document.msapp"},"imageUris":[],"additionalUris":[{"isSolutionAware":false,"value":"/2844097884522441444/N3ecb9ca4-06a9-429f-b2d6-970f7fe15e1c-identity.json"}]},"createdTime":"0001-01-01T00:00:00Z","lastModifiedTime":"0001-01-01T00:00:00Z","sharedGroupsCount":0,"sharedUsersCount":0,"connectionReferences":{"9762f459-081d-4d86-9190-75a41e445273":{"id":"28f52de1-ce8e-44f6-966c-a38209252372","displayName":"Office 365 Users","iconUri":"https://connectoricons-prod.azureedge.net/releases/v1.0.1686/1.0.1686.3706/office365users/icon.png","dataSources":["Office365Users"],"dependencies":[],"dependents":[],"parameterHints":{},"parameterHintsV2":{},"isOnPremiseConnection":false,"bypassConsent":false,"dataSets":{},"apiTier":"Standard","isCustomApiConnection":false},"da6f8f44-3263-41a6-8ac3-32c9a8d80881":{"id":"c553d271-e8c7-4902-9796-7d6e90842c24","displayName":"Office 365 Outlook","iconUri":"https://connectoricons-prod.azureedge.net/releases/v1.0.1686/1.0.1686.3695/office365/icon.png","dataSources":["Office365Outlook"],"dependencies":[],"dependents":[],"parameterHints":{},"parameterHintsV2":{},"isOnPremiseConnection":false,"bypassConsent":false,"dataSets":{},"apiTier":"Standard","isCustomApiConnection":false},"6479d0f0-34f1-4d64-9f10-aa3b8a48ccae":{"id":"cb9fb2ec-d07d-4a0b-9279-96867eec672d","displayName":"SharePoint","iconUri":"https://connectoricons-prod.azureedge.net/releases/v1.0.1685/1.0.1685.3700/sharepointonline/icon.png","dataSources":["Account Closure","Signatory Master","Signatory Limit Master","Manage Legal Entities","Manage Authorised Signatories","Manage Approver","Manage Admins","Currency master","BARF","Bank Master","Currency master_1","Account Closure logging","BARF logging"],"dependencies":[],"dependents":[],"parameterHints":{},"parameterHintsV2":{},"isOnPremiseConnection":false,"bypassConsent":false,"dataSets":{"https://internationalsosms.sharepoint.com/sites/treasury":{"dataSources":{"Account Closure":{"tableName":"6fd4d6dc-9587-468a-85f3-b63e9527fc9c"}}},"https://internationalsosms.sharepoint.com/sites/treasury-prod":{"dataSources":{"Signatory Master":{"tableName":"d25a356f-e95f-4c98-8652-dc7a6a1fad93"},"Signatory Limit Master":{"tableName":"5bc0b4d1-d78b-4295-8506-3a61533296e5"},"Manage Legal Entities":{"tableName":"1bb4598f-3986-4faf-b0fb-7a5186295ac0"},"Manage Authorised Signatories":{"tableName":"1e7fe406-6b76-40c8-bdb3-2b4e5f614404"},"Manage Approver":{"tableName":"c2e015ab-7713-4d21-9269-b3350fa73a48"},"Manage Admins":{"tableName":"680ac3e8-c550-48bf-8e70-09e7208ffca0"},"Currency master":{"tableName":"2320c1b7-c4af-46db-a26a-048127b27670"},"BARF":{"tableName":"45f1dfff-4515-4ad1-a86c-1122a678340b"},"Bank Master":{"tableName":"ebb488ed-6e9a-4e3c-b7e2-6fde2eb9b2d7"},"Account Closure":{"tableName":"8f5bda6a-ab6a-4f73-9760-45735d4b1bab"},"Currency master_1":{"tableName":"2320c1b7-c4af-46db-a26a-048127b27670"},"Account Closure logging":{"tableName":"1b9ed602-ec7a-4c86-988c-605cda173b83"},"BARF logging":{"tableName":"bda90a42-569a-42bc-b0ff-8e1db4f2c29c"}}}},"apiTier":"Standard","isCustomApiConnection":false,"actions":["providers/PowerPlatform.Governance/Operations/Read","providers/PowerPlatform.Governance/Operations/Write","providers/PowerPlatform.Governance/Operations/Delete"]},"57602a75-9540-4e1d-8fee-a09a0c35a335":{"id":"bd10834b-7a1d-484f-8d2f-e1728c5217cd","displayName":"Office 365 Groups","iconUri":"https://connectoricons-prod.azureedge.net/releases/v1.0.1681/1.0.1681.3662/office365groups/icon.png","dataSources":["Office365Groups"],"dependencies":[],"dependents":[],"parameterHints":{},"parameterHintsV2":{},"isOnPremiseConnection":false,"bypassConsent":false,"dataSets":{},"apiTier":"Standard","isCustomApiConnection":false,"actions":["ListGroupMembers"]}},"databaseReferences":{},"almMode":"Solution","performanceOptimizationEnabled":true,"canConsumeAppPass":true,"enableModernRuntimeMode":false,"executionRestrictions":{"isTeamsOnly":false,"dataLossPreventionEvaluationResult":{"status":"Compliant","lastEvaluationDate":"2023-06-08T03:20:06.5429629Z","violations":[],"violationsByPolicy":[],"violationErrorMessage":"The app uses the following connectors: ."}}},"appType":"ClassicCanvasApp","appComponents":[]}}