{"schemaVersion":"1.0","appDefinitionTemplate":{"id":"/providers/Microsoft.PowerApps/apps/","type":"Microsoft.PowerApps/apps","tags":{"primaryDeviceWidth":"2000","primaryDeviceHeight":"900","supportsPortrait":"true","supportsLandscape":"true","primaryFormFactor":"Tablet","publisherVersion":"3.24051.23","minimumRequiredApiVersion":"2.2.0","hasComponent":"false","hasUnlockedComponent":"false","isUnifiedRootApp":"false","sienaVersion":"20240516T043202Z-3.24051.23.0","showStatusBar":"false","offlineLargeFilesSupport":"false"},"properties":{"appVersion":"2024-05-16T04:32:02Z","lifeCycleId":"Published","createdByClientVersion":{"major":3,"minor":24051,"build":23,"revision":0,"majorRevision":0,"minorRevision":0},"minClientVersion":{"major":3,"minor":24051,"build":23,"revision":0,"majorRevision":0,"minorRevision":0},"backgroundColor":"RGBA(0,176,240,1)","backgroundImageUri":"/17175935924752359005/Nefcc23bf-836e-41fa-badd-1a9c9950c31e-logoSmallFile","displayName":"E-Banking","description":"","commitMessage":"","appUris":{"documentUri":{"value":"/17175935924752359005/N889771d9-1151-4402-816f-54e3bfde0607-document.msapp"},"imageUris":[],"additionalUris":[{"isSolutionAware":false,"value":"/17175935924752359005/N27d3564b-cad0-4976-bbb1-8a597c5288f0-identity.json"}]},"createdTime":"0001-01-01T00:00:00Z","lastModifiedTime":"0001-01-01T00:00:00Z","sharedGroupsCount":0,"sharedUsersCount":0,"connectionReferences":{"bf553d1f-ff67-4abf-94b1-3c3a480095ef":{"id":"cb9fb2ec-d07d-4a0b-9279-96867eec672d","displayName":"SharePoint","iconUri":"https://connectoricons-prod.azureedge.net/releases/v1.0.1685/1.0.1685.3700/sharepointonline/icon.png","dataSources":["E-Banking Request Form","Manage Admins","Manage Approver","Manage Legal Entities","E-Banking Request Form Logging"],"dependencies":[],"dependents":[],"parameterHints":{},"parameterHintsV2":{},"isOnPremiseConnection":false,"bypassConsent":false,"dataSets":{"https://internationalsosms.sharepoint.com/sites/treasury-prod":{"dataSources":{"E-Banking Request Form":{"tableName":"e4aa35bb-cbe4-4643-9560-664b98ff11c7"},"Manage Admins":{"tableName":"680ac3e8-c550-48bf-8e70-09e7208ffca0"},"Manage Approver":{"tableName":"c2e015ab-7713-4d21-9269-b3350fa73a48"},"Manage Legal Entities":{"tableName":"1bb4598f-3986-4faf-b0fb-7a5186295ac0"}}}},"apiTier":"Standard","isCustomApiConnection":false,"actions":["providers/PowerPlatform.Governance/Operations/Read","providers/PowerPlatform.Governance/Operations/Write"]},"c0e3552e-ba8a-4a27-bc8a-ae98ee359658":{"id":"28f52de1-ce8e-44f6-966c-a38209252372","displayName":"Office 365 Users","iconUri":"https://connectoricons-prod.azureedge.net/releases/v1.0.1686/1.0.1686.3706/office365users/icon.png","dataSources":["Office365Users"],"dependencies":[],"dependents":[],"parameterHints":{},"parameterHintsV2":{},"isOnPremiseConnection":false,"bypassConsent":false,"dataSets":{},"apiTier":"Standard","isCustomApiConnection":false},"aa22d910-f38d-490d-9b14-4bf4a346241b":{"id":"c553d271-e8c7-4902-9796-7d6e90842c24","displayName":"Office 365 Outlook","iconUri":"https://connectoricons-prod.azureedge.net/releases/v1.0.1686/1.0.1686.3695/office365/icon.png","dataSources":["Office365Outlook"],"dependencies":[],"dependents":[],"parameterHints":{},"parameterHintsV2":{},"isOnPremiseConnection":false,"bypassConsent":false,"dataSets":{},"apiTier":"Standard","isCustomApiConnection":false},"0f15a13e-e197-4c7f-b128-9777221661a6":{"id":"bd10834b-7a1d-484f-8d2f-e1728c5217cd","displayName":"Office 365 Groups","iconUri":"https://connectoricons-prod.azureedge.net/releases/v1.0.1681/1.0.1681.3662/office365groups/icon.png","dataSources":["Office365Groups"],"dependencies":[],"dependents":[],"parameterHints":{},"parameterHintsV2":{},"isOnPremiseConnection":false,"bypassConsent":false,"dataSets":{},"apiTier":"Standard","isCustomApiConnection":false,"actions":["ListGroupMembers"]},"a6e71b60-5f11-4243-a0d8-b58c35442f51":{"id":"cb9fb2ec-d07d-4a0b-9279-96867eec672d","displayName":"SharePoint","iconUri":"https://connectoricons-prod.azureedge.net/releases/v1.0.1685/1.0.1685.3700/sharepointonline/icon.png","dataSources":["E-Banking Request Form Logging"],"dependencies":[],"dependents":[],"parameterHints":{},"parameterHintsV2":{},"isOnPremiseConnection":false,"bypassConsent":false,"dataSets":{"https://internationalsosms.sharepoint.com/sites/treasury-prod":{"dataSources":{"E-Banking Request Form Logging":{"tableName":"56099348-a4be-42e9-bd08-fe8fadb69fc5"}}}},"apiTier":"Standard","isCustomApiConnection":false,"actions":["providers/PowerPlatform.Governance/Operations/Read","providers/PowerPlatform.Governance/Operations/Write"]}},"databaseReferences":{},"almMode":"Solution","performanceOptimizationEnabled":true,"canConsumeAppPass":true,"enableModernRuntimeMode":false,"executionRestrictions":{"isTeamsOnly":false,"dataLossPreventionEvaluationResult":{"status":"Compliant","lastEvaluationDate":"2023-06-11T11:05:58.2702735Z","violations":[],"violationsByPolicy":[],"violationErrorMessage":"The app uses the following connectors: ."}}},"appType":"ClassicCanvasApp","appComponents":[]}}