{"schemaVersion":"1.0","appDefinitionTemplate":{"id":"/providers/Microsoft.PowerApps/apps/","type":"Microsoft.PowerApps/apps","tags":{"primaryDeviceWidth":"2000","primaryDeviceHeight":"900","supportsPortrait":"true","supportsLandscape":"true","primaryFormFactor":"Tablet","publisherVersion":"3.24022.13","minimumRequiredApiVersion":"2.2.0","hasComponent":"true","hasUnlockedComponent":"true","isUnifiedRootApp":"false","sienaVersion":"20240227T111408Z-3.24022.13.0","showStatusBar":"false","offlineLargeFilesSupport":"false"},"properties":{"appVersion":"2024-02-27T11:14:08Z","lifeCycleId":"Published","createdByClientVersion":{"major":3,"minor":24022,"build":13,"revision":0,"majorRevision":0,"minorRevision":0},"minClientVersion":{"major":3,"minor":24022,"build":13,"revision":0,"majorRevision":0,"minorRevision":0},"backgroundColor":"RGBA(0,176,240,1)","backgroundImageUri":"/1913725837424625987/Na7102571-5f8a-400e-aba1-6a96eb31e0e2-logoSmallFile","displayName":"Treasury flow","description":"","commitMessage":"","appUris":{"documentUri":{"value":"/1913725837424625987/N3b53678e-ab28-4cab-ad5e-61e29fef1745-document.msapp"},"imageUris":[],"additionalUris":[{"isSolutionAware":false,"value":"/1913725837424625987/N03ab523e-653a-46fb-88ec-332baf3f8cd5-identity.json"}]},"createdTime":"0001-01-01T00:00:00Z","lastModifiedTime":"0001-01-01T00:00:00Z","sharedGroupsCount":0,"sharedUsersCount":0,"connectionReferences":{"2304e6cf-f430-40d4-94de-84610e589ace":{"id":"cb9fb2ec-d07d-4a0b-9279-96867eec672d","displayName":"SharePoint","iconUri":"https://connectoricons-prod.azureedge.net/releases/v1.0.1676/1.0.1676.3617/sharepointonline/icon.png","dataSources":["Bank Master","Banks for treasury fund","Currency master","Debiting Pool Master","Internal Region Payment","Manage Admins","Manage Approver","Manage Authorised Signatories","Manage Legal Entities","Other Payments Method","Payment Detail List","Documents"],"dependencies":[],"dependents":[],"parameterHints":{},"parameterHintsV2":{},"isOnPremiseConnection":false,"bypassConsent":false,"dataSets":{"https://internationalsosms.sharepoint.com/sites/treasury-prod":{"dataSources":{"Bank Master":{"tableName":"ebb488ed-6e9a-4e3c-b7e2-6fde2eb9b2d7"},"Banks for treasury fund":{"tableName":"c3af5379-a0e0-4901-bccd-20158bcd0074"},"Currency master":{"tableName":"2320c1b7-c4af-46db-a26a-048127b27670"},"Debiting Pool Master":{"tableName":"11e5134b-4136-40f3-800a-a5f1cb834298"},"Internal Region Payment":{"tableName":"9545f034-4a2b-4f05-a809-bef83adf219a"},"Manage Admins":{"tableName":"680ac3e8-c550-48bf-8e70-09e7208ffca0"},"Manage Approver":{"tableName":"c2e015ab-7713-4d21-9269-b3350fa73a48"},"Manage Authorised Signatories":{"tableName":"1e7fe406-6b76-40c8-bdb3-2b4e5f614404"},"Manage Legal Entities":{"tableName":"1bb4598f-3986-4faf-b0fb-7a5186295ac0"},"Other Payments Method":{"tableName":"9ea5e5d7-49f4-4ba9-8bd9-b664261319a7"},"Payment Detail List":{"tableName":"903ec718-2ef8-451f-b356-b600b7577a8e"},"Documents":{"tableName":"6779e333-4a7c-4b22-978b-086ba017379f"}}}},"apiTier":"Standard","isCustomApiConnection":false,"actions":["providers/PowerPlatform.Governance/Operations/Read","providers/PowerPlatform.Governance/Operations/Write","providers/PowerPlatform.Governance/Operations/Delete"]},"9762f459-081d-4d86-9190-75a41e445273":{"id":"28f52de1-ce8e-44f6-966c-a38209252372","displayName":"Office 365 Users","iconUri":"https://connectoricons-prod.azureedge.net/releases/v1.0.1672/1.0.1672.3545/office365users/icon.png","dataSources":["Office365Users"],"dependencies":[],"dependents":[],"parameterHints":{},"parameterHintsV2":{},"isOnPremiseConnection":false,"bypassConsent":false,"dataSets":{},"apiTier":"Standard","isCustomApiConnection":false,"actions":["SearchUser"]},"da6f8f44-3263-41a6-8ac3-32c9a8d80881":{"id":"c553d271-e8c7-4902-9796-7d6e90842c24","displayName":"Office 365 Outlook","iconUri":"https://connectoricons-prod.azureedge.net/releases/v1.0.1676/1.0.1676.3617/office365/icon.png","dataSources":["Office365Outlook"],"dependencies":[],"dependents":[],"parameterHints":{},"parameterHintsV2":{},"isOnPremiseConnection":false,"bypassConsent":false,"dataSets":{},"apiTier":"Standard","isCustomApiConnection":false}},"databaseReferences":{},"almMode":"Solution","performanceOptimizationEnabled":true,"canConsumeAppPass":true,"enableModernRuntimeMode":false,"executionRestrictions":{"isTeamsOnly":false,"dataLossPreventionEvaluationResult":{"status":"Compliant","lastEvaluationDate":"2023-06-11T09:44:08.8220404Z","violations":[],"violationsByPolicy":[],"violationErrorMessage":"The app uses the following connectors: ."}}},"appType":"ClassicCanvasApp","appComponents":[]}}